quantile,tce_quantile,pce_quantile,btex_quantile
10%,0.483,2.5940000000000003,27.879
90%,207.00000000000006,1211.000000000001,1792.6399999999994
